[
    {
        "messageText": "hey?",
        "recipient": "+27846159214",
        "messageID": "5453011909",
        "status": "Stored"
    },
    {
        "messageText": "yuiuuu",
        "recipient": "+27846159216",
        "messageID": "6800065676",
        "status": "Stored"
    },
    {
        "messageText": "jhksxhbjsxhgjh",
        "recipient": "+27845678987",
        "messageID": "3716344454",
        "status": "Stored"
    },
    {
        "messageText": "bmnbmbn",
        "recipient": "+27789709865",
        "messageID": "6971128103",
        "status": "Stored"
    },
    {
        "messageText": "hi",
        "recipient": "+27789709876",
        "messageID": "2875780882",
        "status": "Stored"
    },
    {
        "messageText": "Hi Sarah, please bring your laptop to the 10AM workshop.",
        "recipient": "+27718693003",
        "messageID": "5926229731",
        "status": "Stored"
    },
    {
        "messageText": "Hi Sarah, please bring your laptop to the 10AM workshop.",
        "recipient": "+27718693003",
        "messageID": "5926229731",
        "status": "Stored"
    },
    {
        "messageText": "hde",
        "recipient": "+27898098765",
        "messageID": "6699994581",
        "status": "Stored"
    },
    {
        "messageText": "hde",
        "recipient": "+27898098765",
        "messageID": "6699994581",
        "status": "Stored"
    },
    {
        "messageText": "EDNBNBD",
        "recipient": "+27846159215",
        "messageID": "6712915981",
        "status": "Stored"
    },
    {
        "messageText": "EDNBNBD",
        "recipient": "+27846159215",
        "messageID": "6712915981",
        "status": "Stored"
    },
    {
        "messageText": "Hi, please fetch your bag from me.",
        "recipient": "+27846156792",
        "messageID": "7360915625",
        "status": "Stored"
    },
    {
        "messageText": "Hi, please fetch your bag from me.",
        "recipient": "+27846156792",
        "messageID": "7360915625",
        "status": "Stored"
    }
]